{"count":1,"self":12.836632,"total":44.964403999999995,"children":{"InitializeSensors":{"count":1,"self":0.0018419999999999999,"total":0.0018419999999999999,"children":null},"AgentSendState":{"count":6301,"self":0.216864,"total":21.871966,"children":{"CollectObservations":{"count":1261,"self":1.155608,"total":1.155608,"children":null},"CollectDiscreteActionMasks":{"count":1261,"self":0.02138,"total":0.02138,"children":null},"RequestDecision":{"count":1261,"self":0.060538999999999996,"total":20.478113999999998,"children":{"AgentInfo.ToProto":{"count":1261,"self":0.051977999999999996,"total":20.417575,"children":{"GenerateSensorData":{"count":1261,"self":0.09626599999999999,"total":20.365596999999998,"children":{"CameraSensor.GetCompressedObservation":{"count":1261,"self":20.2693312,"total":20.269330999999998,"children":null}}}}}}}}},"DecideAction":{"count":6301,"self":10.0583368,"total":10.058337,"children":null},"AgentAct":{"count":6301,"self":0.14757299999999998,"total":0.19427,"children":{"AgentInfo.ToProto":{"count":5,"self":0.00021799999999999999,"total":0.046696999999999995,"children":{"GenerateSensorData":{"count":5,"self":0.00037799999999999997,"total":0.046479,"children":{"CameraSensor.GetCompressedObservation":{"count":5,"self":0.046100999999999996,"total":0.046100999999999996,"children":null}}}}}}}},"gauges":{"Magnet.CumulativeReward":{"count":5,"max":-0.12,"min":-7.92865038,"runningAverage":-1.76173007,"value":-7.92865038,"weightedAverage":-2.13427186}},"metadata":{"timer_format_version":"0.1.0","start_time_seconds":"1607428094","unity_version":"2019.3.2f1","command_line_arguments":"\/Applications\/Unity\/Hub\/Editor\/2019.3.2f1\/Unity.app\/Contents\/MacOS\/Unity -projectpath \/Users\/omercelik\/Desktop\/MS\/active-capsule-slam\/Project -useHub -hubIPC -cloudEnvironment production -hubSessionId ab09a460-3943-11eb-8ed4-f3037df3008c -accessToken KCU23_SyyX1GNvOgT1DMtm3qwotLpnU5lq_7bQhJiJI011f","communication_protocol_version":"1.0.0","com.unity.ml-agents_version":"1.1.0-preview","scene_name":"rl_scene_colon-magneto","end_time_seconds":"1607428139"}}